"date","temp","rhum","wdsp","vis","elpower","houtemp","s.rain","s.sun"
2017-10-12,16.5,86,17,30000,39,16.3,0,0
2017-10-13,16.4791666666667,88.7083333333333,14.125,23333.3333333333,300.916666666667,16.8458333333333,3.9,1.4
2017-10-14,15.25,86.625,9.66666666666667,20750,306.541666666667,17.1958333333333,3.5,1.7
2017-10-15,14.2958333333333,86.7083333333333,10.9166666666667,20304.1666666667,231.708333333333,17.1791666666667,1.7,0.7
2017-10-16,13.95,84.4166666666667,20.5,12766.6666666667,492.791666666667,17.5625,0.8,1
2017-10-17,9.67272727272727,77.9545454545455,14.8636363636364,37045.4545454545,263.545454545455,16.9590909090909,0,7.2
2017-10-18,8.96666666666667,88.875,7.625,22433.3333333333,238.166666666667,16.35,0.1,1.3
2017-10-19,12.7791666666667,88.7916666666667,13.6666666666667,18666.6666666667,217.75,16.1416666666667,6.1,0
2017-10-20,9.78333333333333,85.3333333333333,14.625,25625,201.958333333333,16.0041666666667,3.1,2
2017-10-21,11.1791666666667,84.3333333333333,18.3333333333333,16666.6666666667,393,16.2333333333333,6.2,0.9
2017-10-22,9.6375,80,15.7083333333333,24583.3333333333,450.041666666667,15.9416666666667,0.1,2.6
2017-10-23,13.6375,84.5833333333333,7.625,26833.3333333333,205.625,16.0791666666667,0.9,0.4
2017-10-24,12.9541666666667,85,9.625,29666.6666666667,553.583333333333,17.3791666666667,6.9,0.2
2017-10-25,11.2375,84.125,10.2083333333333,31041.6666666667,335.5,16.8833333333333,0,4.2
2017-10-26,10.5875,91.6666666666667,3.75,25166.6666666667,290.375,16.5541666666667,0,0
2017-10-27,7.14583333333333,91.5416666666667,6.25,30208.3333333333,294.083333333333,16.7291666666667,0,9.2
2017-10-28,12.0583333333333,92.625,17.8333333333333,17583.3333333333,245.958333333333,16.2375,0,0
2017-10-29,9.66521739130435,84.6521739130435,10,26739.1304347826,391.478260869565,17.0869565217391,0.3,4.4
2017-10-30,7.36666666666667,87.125,5.375,27333.3333333333,549.791666666667,16.2333333333333,0.4,2.7
2017-10-31,11.6833333333333,85.2083333333333,9.16666666666667,31125,173.041666666667,16.0291666666667,0.5,0
2017-11-01,11.0041666666667,82.9583333333333,8.20833333333333,30000,217.916666666667,15.8375,0,6
2017-11-02,9.05,80.375,5.79166666666667,24083.3333333333,231.875,15.7333333333333,0,0.2
2017-11-03,8.80416666666667,79.7916666666667,5.83333333333333,26250,277.166666666667,15.35,0,2.7
2017-11-04,6.43478260869565,84.1739130434783,13.3913043478261,26521.7391304348,327.652173913043,15.0521739130435,0,6.2
2017-11-05,5.41666666666667,82.3333333333333,13.125,35625,702.916666666667,15.0666666666667,0,7.6
2017-11-06,9.6,79.5416666666667,11.5,28333.3333333333,249.5,14.7125,0,0.9
2017-11-07,6.61666666666667,83.625,11.9166666666667,34833.3333333333,154.041666666667,15.1,1.5,5.3
2017-11-08,6.21666666666667,88.4166666666667,10.3333333333333,30333.3333333333,466.666666666667,14.1291666666667,1.6,4.3
2017-11-09,10.2041666666667,84.3333333333333,13.125,21791.6666666667,405.458333333333,14.9625,0.8,5.5
2017-11-10,8.36666666666667,84.9583333333333,12.9583333333333,22083.3333333333,292.125,15.325,5.5,4.2
2017-11-11,7.08333333333333,96.0833333333333,5.75,16708.3333333333,414.75,14.95,7.6,0.2
2017-11-12,4.45,84.5833333333333,12.125,29583.3333333333,514.958333333333,15.275,0,6.8
2017-11-13,4.6875,85.4166666666667,10.5416666666667,30708.3333333333,246.458333333333,14.1083333333333,2.5,0.1
2017-11-14,10.4791666666667,93.875,11.7083333333333,18729.1666666667,407,14.925,1,0.1
2017-11-15,8.275,90.7916666666667,5.16666666666667,23666.6666666667,276.083333333333,14.7958333333333,0,0.9
2017-11-16,6.94782608695652,82.3913043478261,10.8695652173913,29565.2173913043,238.347826086957,15.4304347826087,0.8,5.3
2017-11-17,4.55,78.5416666666667,8.58333333333333,32916.6666666667,430.916666666667,14.4375,0,0.6
2017-11-18,6.05,94.2916666666667,6.66666666666667,18000,318.208333333333,14.1041666666667,1.2,0.1
2017-11-19,5.76666666666667,90.0416666666667,5.08333333333333,22625,248.208333333333,13.575,0.9,0.3
2017-11-20,12.2208333333333,92.9583333333333,13.625,16291.6666666667,528.416666666667,14.1041666666667,2,0.1
2017-11-21,12.8291666666667,89.5,12.875,24000,593.583333333333,15.7958333333333,0.4,0
2017-11-22,8.1375,96.875,7.91666666666667,10812.5,512.791666666667,15.9916666666667,51.9,0
2017-11-23,4.01666666666667,83.2083333333333,15.375,31625,182.5,14.475,0.2,3.1
2017-11-24,1.6875,87.8333333333333,11.4166666666667,31041.6666666667,177.458333333333,12.8708333333333,0.1,3.1
2017-11-25,1.69583333333333,89.0416666666667,15.2916666666667,22916.6666666667,375.958333333333,12.6708333333333,0,6.7
2017-11-26,4.7125,90.2916666666667,15.125,24916.6666666667,428.25,12.6416666666667,3.2,2
2017-11-27,6.1,86.6666666666667,17.375,27083.3333333333,222.166666666667,13.0666666666667,0.2,0.2
2017-11-28,2.98333333333333,87.3333333333333,11.7083333333333,27458.3333333333,333.583333333333,12.825,0,5.9
2017-11-29,1.79166666666667,87.3333333333333,11.0416666666667,36458.3333333333,222.416666666667,11.95,0,7.3
2017-11-30,2.42916666666667,86.8333333333333,10.9166666666667,31458.3333333333,302.791666666667,12.2833333333333,0.1,0.6
2017-12-01,1.82083333333333,85.375,8.875,27291.6666666667,243.916666666667,11.9833333333333,0,5.4
2017-12-02,5.475,97.5833333333333,10.9583333333333,11337.5,741.541666666667,13.5291666666667,0,0.1
2017-12-03,7.69583333333333,95.9583333333333,11,18604.1666666667,334.625,14.275,0.8,0
2017-12-04,6.82083333333333,91.9583333333333,9.91666666666667,20541.6666666667,288.625,14.4291666666667,0,0.1
2017-12-05,6.95217391304348,83.6521739130435,9.47826086956522,27260.8695652174,195.565217391304,14.104347826087,0,0.1
2017-12-06,11.1625,81.0416666666667,16.5,26875,406.458333333333,14.1416666666667,1.3,0.1
2017-12-07,5.6875,82.7083333333333,18.0416666666667,25916.6666666667,132.375,14.2291666666667,4.3,1.7
2017-12-08,0.829166666666667,89.625,15.0416666666667,27333.3333333333,287.416666666667,12.3,0.1,4.9
2017-12-09,0.604166666666667,88.25,8.75,29375,280.958333333333,11.3,0,0
2017-12-10,1.45833333333333,85,12.1666666666667,27625,369.75,10.7625,13.2,0
2017-12-11,-0.520833333333333,90.4583333333333,10.1666666666667,27708.3333333333,353,10.6708333333333,0,4.4
2017-12-12,2.93333333333333,90.5416666666667,11.4166666666667,20333.3333333333,236.333333333333,10.6416666666667,0.8,0
2017-12-13,4.3625,87.125,18,20958.3333333333,203.166666666667,10.9083333333333,4.7,2.5
2017-12-14,3.17916666666667,87.7916666666667,19.7916666666667,27416.6666666667,452.125,12.0833333333333,0.6,1.6
2017-12-15,4.0375,84.2083333333333,13.75,27291.6666666667,233.083333333333,12.5666666666667,0.1,5.9
2017-12-16,3.02916666666667,91.8333333333333,11.4583333333333,26875,601.125,12.3791666666667,0,2.7
2017-12-17,7.4375,92.9583333333333,11.9166666666667,16250,199.833333333333,12.55,0.8,0.1
2017-12-18,4.98823529411765,88.3529411764706,5.11764705882353,24882.3529411765,355.588235294118,12.5823529411765,0,3.4
2017-12-19,9.82352941176471,92.2941176470588,7.29411764705882,19352.9411764706,694.176470588235,14.4470588235294,0,0
2017-12-20,10.8041666666667,93.875,8.375,16125,363.625,15.3125,0.1,0
2017-12-21,11.1666666666667,90.5,10.7916666666667,19233.3333333333,296.5,15.4875,1.7,0.3
2017-12-22,10.0041666666667,97.375,8.95833333333333,10416.6666666667,293.333333333333,15.9333333333333,0.2,0
2017-12-23,9.46666666666667,94.3333333333333,13.7083333333333,16770.8333333333,308.791666666667,15.5625,0,1.6
2017-12-24,10.7583333333333,85.2916666666667,17.0833333333333,26666.6666666667,666.833333333333,16.0958333333333,0.2,0.1
2017-12-25,5.99166666666667,93.25,12.125,15750,612.625,16.3333333333333,13.4,0
2017-12-26,2.18333333333333,90.2916666666667,12.0416666666667,28000,212.875,14.7041666666667,0,3.7
2017-12-27,0.8625,88.0416666666667,12.5416666666667,36666.6666666667,422.666666666667,13.3,0,5.8
2017-12-28,0.7625,87.8333333333333,9,26666.6666666667,519.75,12.15,0,5.1
2017-12-29,4.7875,81.25,15.375,24583.3333333333,250.125,12.1625,6.7,3.4
2017-12-30,6.6875,85.4583333333333,15.0416666666667,18791.6666666667,331,12.025,13.9,0.4
2017-12-31,6.73333333333333,77.75,19.1666666666667,27708.3333333333,308.791666666667,12.9291666666667,0.2,3.7
2018-01-01,5.04583333333333,82,19,27208.3333333333,498.666666666667,13.1041666666667,0.6,2.7
2018-01-02,7.17083333333333,81.7916666666667,16.5833333333333,21833.3333333333,646.666666666667,13.225,8.4,0.8
2018-01-03,6.51666666666667,80.4166666666667,24.1666666666667,18125,183.583333333333,13.1125,1.3,0.9
2018-01-04,5.4375,86.625,14.8333333333333,23666.6666666667,420.791666666667,12.9625,10.7,1.3
2018-01-05,3.03333333333333,87.0416666666667,6.75,27083.3333333333,474.791666666667,12.9708333333333,0,3.3
2018-01-06,4.15833333333333,78.375,13.875,26458.3333333333,296.291666666667,12.8791666666667,0.1,2.4
2018-01-07,3.10416666666667,74.25,9.875,34166.6666666667,248.458333333333,12.3458333333333,0,3.2
2018-01-08,1.7875,77.25,11,35000,388.125,12.275,0,4.1
2018-01-09,5.52083333333333,93.7083333333333,15.9166666666667,11016.6666666667,536.25,12.7,2.1,0
2018-01-10,4.40833333333333,94.875,6.125,21083.3333333333,298.708333333333,13.3541666666667,0,3.9
2018-01-11,1.62173913043478,98.0869565217391,5.08695652173913,7073.91304347826,210.521739130435,13.2434782608696,0,4.1
2018-01-12,5.97,85.9,15.2,22200,482.5,12.71,0,0
2018-01-13,7.12857142857143,91.6428571428571,16.1428571428571,13214.2857142857,175.571428571429,11.3071428571429,0.2,0
2018-01-14,6.09090909090909,89.1818181818182,10.9090909090909,29727.2727272727,211.272727272727,10.8909090909091,0.6,0.6
2018-01-15,5.98823529411765,84.9411764705882,17.9411764705882,24882.3529411765,304.117647058824,13.3823529411765,0.9,2.3
2018-01-16,2.15,86.8571428571429,19.1428571428571,22714.2857142857,172.785714285714,12.1714285714286,0.9,0.3
2018-01-17,3.26666666666667,88,18.5555555555556,19888.8888888889,505.111111111111,12,3.7,1.8
2018-01-18,4.45454545454546,83.4545454545455,19.6363636363636,30363.6363636364,282.363636363636,11.2454545454545,0,2.4
2018-01-19,1.35454545454545,88.4545454545455,16.3636363636364,29545.4545454545,212.636363636364,11.2545454545455,0,2.1
2018-01-20,2.04444444444444,96.1111111111111,5.33333333333333,14555.5555555556,313.111111111111,11.5888888888889,2.2,0
2018-01-21,7.16666666666667,95.5555555555556,11.6666666666667,13222.2222222222,479.333333333333,12.1888888888889,8.9,0.2
2018-01-22,7.755,80.35,13,27250,240.1,13.94,0,0.1
2018-01-23,11.1208333333333,77.2916666666667,18,29583.3333333333,256,14.125,0,5.3
2018-01-24,7.56666666666667,76.25,22.7916666666667,26208.3333333333,668.166666666667,14.4041666666667,14.4,5.3
2018-01-25,5.3,79,16.8421052631579,28421.0526315789,267.315789473684,13.7578947368421,0.2,2.6
2018-01-26,5.25,87.3333333333333,8.33333333333333,25000,327.833333333333,13.8166666666667,0,0.9
2018-01-27,9.94,88.35,18.45,17525,240.85,13.945,1.7,0
2018-01-28,11.2041666666667,85.7916666666667,19.9583333333333,22541.6666666667,356.958333333333,14.575,0.1,0.1
2018-01-29,7.0125,85.1666666666667,14.0416666666667,24500,286.5,15.3875,4.5,5.4
2018-01-30,4.8,79.375,10.625,26708.3333333333,323.041666666667,13.9416666666667,0.8,0
2018-01-31,3.6,84.0833333333333,20.0416666666667,21083.3333333333,368.458333333333,12.8458333333333,3.5,4
2018-02-01,3.45416666666667,80.7083333333333,14.9166666666667,30000,248.875,12.5208333333333,0,5.8
2018-02-02,3.4875,84.4166666666667,10.75,30458.3333333333,396.666666666667,12.4833333333333,1.5,5.9
2018-02-03,3.62916666666667,89.0416666666667,12.5833333333333,27000,296.791666666667,12.6375,0.6,0.8
2018-02-04,2.775,89.25,6.70833333333333,26166.6666666667,911,13.4833333333333,1.9,2
2018-02-05,1.04166666666667,83.9166666666667,4.33333333333333,25125,284.708333333333,13.2166666666667,0.5,2.4
2018-02-06,0.666666666666667,86.6666666666667,11.0833333333333,28645.8333333333,492.583333333333,12.4708333333333,1.3,7.6
2018-02-07,1.2625,89.5833333333333,10,30000,467.583333333333,12.0625,0.3,0.6
2018-02-08,6.5875,88.125,10.625,19450,278.541666666667,12.775,0.9,0.1
2018-02-09,2.15416666666667,81.375,14.125,34583.3333333333,327.708333333333,12.7958333333333,0.7,7.5
2018-02-10,7.57916666666667,84.1666666666667,17.9166666666667,21583.3333333333,181.833333333333,12.6,4.8,2.6
2018-02-11,1.375,84.0833333333333,18.25,26708.3333333333,287.125,12.1666666666667,0.1,6.3
2018-02-12,2.45833333333333,79.2916666666667,14.7916666666667,38125,380.666666666667,12.6,0,6.6
2018-02-13,3.10833333333333,77.125,12.5416666666667,33875,246.708333333333,12.125,2.3,7.4
2018-02-14,6.5875,73.1666666666667,15.5416666666667,22333.3333333333,555.333333333333,12.8458333333333,0.3,2.5
2018-02-15,3.17916666666667,77.0416666666667,17.0416666666667,26458.3333333333,518.083333333333,13.3166666666667,0.6,6.1
2018-02-16,4.94166666666667,75.5416666666667,11.3333333333333,36000,272.458333333333,12.2916666666667,0.9,1.2
2018-02-17,4.59090909090909,85.5909090909091,7.90909090909091,33181.8181818182,327.272727272727,12.5318181818182,0.1,4.1
2018-02-18,7.40869565217391,94.8695652173913,7.69565217391304,15956.5217391304,620.95652173913,13.7,1.7,0
2018-02-19,9.59583333333333,91.5416666666667,10.1666666666667,17250,272.5,14.5958333333333,0.6,1.2
2018-02-20,4.55416666666667,84.5,9.5,30000,353.666666666667,14.8083333333333,0,8.3
2018-02-21,3.05,85.2083333333333,5.41666666666667,27583.3333333333,312.416666666667,14.8375,0,8.3
2018-02-22,4.6875,79.625,8.04166666666667,25708.3333333333,183.625,13.9958333333333,0,0
2018-02-23,3.69583333333333,69.8333333333333,14.25,20250,469.791666666667,13.5791666666667,0,2.9
2018-02-24,1.84166666666667,71.5833333333333,11.4583333333333,16666.6666666667,304.208333333333,13.2625,0,2.4
2018-02-25,3.22916666666667,68.125,12.1666666666667,22500,207.083333333333,12.725,0,10
2018-02-26,1.74166666666667,63.0416666666667,11.9583333333333,29375,922.916666666667,12.6708333333333,0,0.1
2018-02-27,0.575,70.7083333333333,12.625,22270.8333333333,399.5,11.8,0.8,2.9
2018-02-28,-2.36666666666667,81.0833333333333,18,8412.5,459.333333333333,11.8,7,1.4
2018-03-01,-2.68333333333333,92.0416666666667,25.7083333333333,3466.66666666667,581.5,11.5708333333333,12.2,0
2018-03-02,-0.675,99.5,28.75,2804.16666666667,605.666666666667,11.5666666666667,7.1,0
2018-03-03,0.8125,93.75,19.4583333333333,6283.33333333333,649.375,11.8,1.1,0
2018-03-04,2.82916666666667,95.5416666666667,10.5416666666667,5075,454.958333333333,11.8958333333333,7.6,0
2018-03-05,3.39583333333333,97.1666666666667,5,7125,243.041666666667,12.05,2.2,0.1
2018-03-06,4.40416666666667,80.375,6.91666666666667,17666.6666666667,240.875,13.3666666666667,0,4.1
2018-03-07,4.1875,76.625,11.5,33750,317.541666666667,13.5416666666667,0.2,8.9
2018-03-08,2.85833333333333,84.9166666666667,8.75,34750,315.333333333333,13.0666666666667,0,4.6
2018-03-09,2.5,91.4583333333333,8.25,28958.3333333333,509.958333333333,13.5541666666667,1.8,2.1
2018-03-10,7.7375,91.9583333333333,11.2083333333333,14916.6666666667,244,13.4833333333333,7,1.4
2018-03-11,6.09166666666667,94.6666666666667,8.25,10520.8333333333,394.708333333333,14.4541666666667,1.6,0.7
2018-03-12,7.11666666666667,90.4166666666667,8.625,15500,218.666666666667,15.05,1.1,0.1
2018-03-13,5.825,76.5833333333333,10,40000,573,14.8333333333333,0,5.7
2018-03-14,7.3625,94.3333333333333,21.9166666666667,6166.66666666667,420.666666666667,14.95,20.9,0
2018-03-15,7.88333333333333,91.2916666666667,13.5,12895.8333333333,290.416666666667,14.525,2.7,2.4
2018-03-16,7.05416666666667,95.0833333333333,9,12745.8333333333,349.083333333333,14.7333333333333,4.5,0.1
2018-03-17,2.20416666666667,76.4166666666667,20.7916666666667,16416.6666666667,328.083333333333,13.7083333333333,2.7,0.4
2018-03-18,0.0541666666666667,76.7916666666667,21.9166666666667,12462.5,624.541666666667,12.5083333333333,2,0.1
2018-03-19,2.50833333333333,65.875,16.0833333333333,31250,238.875,12.425,0,6
2018-03-20,2.36666666666667,67.1666666666667,5.83333333333333,42500,382.583333333333,12.75,0,11
2018-03-21,5.36666666666667,72.5833333333333,12.6666666666667,42291.6666666667,227.208333333333,13.025,0,1.7
2018-03-22,7.37619047619048,76.7619047619048,11.6190476190476,32380.9523809524,172.952380952381,13.852380952381,0.5,0.6
2018-03-23,8.13333333333333,74.75,13.6666666666667,41666.6666666667,433.333333333333,14.475,0.4,1.1
2018-03-24,6.32,72.2,5.7,46500,325.9,15.09,0.3,7.6
2018-03-25,5.8875,77,7.83333333333333,31875,444.916666666667,15.2,0,6.9
2018-03-26,7.13333333333333,80.5,8.5,31708.3333333333,372.166666666667,15.4291666666667,2,3
2018-03-27,7.59166666666667,84.3333333333333,13.25,20458.3333333333,391.375,15.7125,4,3.4
2018-03-28,5.01666666666667,75.7916666666667,10.375,36250,294.541666666667,15.0333333333333,0.2,5.5
2018-03-29,3.39583333333333,89.0416666666667,7.66666666666667,26041.6666666667,385.958333333333,14.4,7.2,1.5
2018-03-30,4.16666666666667,91.7083333333333,7.16666666666667,21833.3333333333,162.208333333333,10.3541666666667,5.8,0.5
2018-03-31,4.54583333333333,83.0416666666667,10.875,31041.6666666667,139.208333333333,9.62083333333333,0,0.7
2018-04-01,4.35833333333333,82.5833333333333,10.9166666666667,26000,136.333333333333,8.95416666666667,0.8,1.2
2018-04-02,4.8875,97.875,12.5833333333333,5562.5,155.625,7.2125,19.3,0
2018-04-03,8.4,84.4166666666667,8.95833333333333,25291.6666666667,121.75,9.48333333333333,4.1,5.1
2018-04-04,4.6,86.4166666666667,11.2916666666667,28416.6666666667,141.916666666667,8.3875,9.2,0.1
2018-04-05,4.12916666666667,75,12.3333333333333,51041.6666666667,159.916666666667,8.70833333333333,0,6.8
2018-04-06,8.6875,80.25,16.875,17833.3333333333,149.5,9.8875,1.7,2.5
2018-04-07,8.18333333333333,86.75,5.125,21995.8333333333,153.625,11.4833333333333,3.7,1.7
2018-04-08,8.72916666666667,87.75,5.95833333333333,23250,242.333333333333,12.9625,5.6,6.6
2018-04-09,8.575,85.2083333333333,7.08333333333333,28416.6666666667,506.916666666667,15.7541666666667,0.7,2.2
2018-04-10,6.99583333333333,96.125,12.7916666666667,8366.66666666667,183.916666666667,15.5791666666667,3.7,0
2018-04-11,7.21666666666667,95,10.5833333333333,6241.66666666667,473.833333333333,15.4416666666667,0.2,0.1
2018-04-12,6.83478260869565,95.2608695652174,9.56521739130435,5113.04347826087,291.260869565217,14.9173913043478,0.5,0
2018-04-13,7.07083333333333,94.75,5.41666666666667,7416.66666666667,225.583333333333,14.5458333333333,0.5,0.3
2018-04-14,9.0625,84.5416666666667,9.70833333333333,12458.3333333333,450.791666666667,15.5583333333333,0.2,4.1
2018-04-15,8.86666666666667,93.3333333333333,15.5833333333333,7720.83333333333,522.583333333333,16.0166666666667,2.4,0.2
2018-04-16,10.0833333333333,76.75,16.2916666666667,28458.3333333333,382.083333333333,16.3416666666667,0.4,3.4
2018-04-17,12.675,73.4166666666667,19.0833333333333,27583.3333333333,365.833333333333,16.5583333333333,1.6,6.8
2018-04-18,13.2833333333333,78.0833333333333,13.2916666666667,24875,679.041666666667,17.9708333333333,0,7.3
2018-04-19,13.4625,75.4166666666667,8.5,37541.6666666667,286.833333333333,19.3291666666667,0,10.6
2018-04-20,10.95,76.2083333333333,7.83333333333333,40500,340.666666666667,19.0208333333333,0,10.9
2018-04-21,10.0125,72.9583333333333,6.83333333333333,47083.3333333333,348.666666666667,20.1958333333333,0,13.4
2018-04-22,10.5375,72.25,15,35333.3333333333,365.708333333333,19.325,2.4,4.9
2018-04-23,10.4041666666667,76,16.2916666666667,38750,584.833333333333,18.3375,0,0.9
2018-04-24,8.83333333333333,85.125,10.2083333333333,23458.3333333333,299.958333333333,16.9875,6.5,1.1
2018-04-25,8.25,78.125,15.9583333333333,30791.6666666667,204.583333333333,17.0833333333333,3.7,7.1
2018-04-26,7.55416666666667,77.4583333333333,14.5,34291.6666666667,333.833333333333,17.0208333333333,0.5,7.9
2018-04-27,6.45416666666667,80.3333333333333,7.625,28916.6666666667,336.5,17.4,1.2,4.3
2018-04-28,5.71666666666667,76.6666666666667,6.25,46250,404.708333333333,17.1458333333333,0,13
2018-04-29,5.20833333333333,80.3333333333333,6.83333333333333,32912.5,321.666666666667,17.325,0,10
2018-04-30,6.37916666666667,72.1666666666667,6,39375,345.75,17.8833333333333,0,11.5
2018-05-01,8.8875,76.7083333333333,12.9166666666667,36083.3333333333,476.333333333333,17.2333333333333,2.4,0.7
2018-05-02,8.525,77.7083333333333,13.7083333333333,34333.3333333333,388.291666666667,17.5583333333333,2.1,7.9
2018-05-03,9.7375,82,11.125,25583.3333333333,412.333333333333,16.925,0.5,0.1
2018-05-04,12.5083333333333,81.25,8.625,37916.6666666667,236.833333333333,16.7125,0,5.5
2018-05-05,15.3541666666667,78.5416666666667,6.91666666666667,31491.6666666667,322.75,17.9416666666667,0,7.2
2018-05-06,14.7041666666667,73.875,5.91666666666667,39708.3333333333,261.041666666667,19.7416666666667,0,13.9
2018-05-07,14.2291666666667,78.375,5.375,36208.3333333333,360.666666666667,20.3791666666667,0,6.5
2018-05-08,12.6708333333333,73.9166666666667,12.0416666666667,39500,455,19.9916666666667,0.4,6.1
2018-05-09,9.10416666666667,78,11.25,33208.3333333333,334.625,18.4958333333333,1.6,0.2
2018-05-10,9.41666666666667,67.7916666666667,11.25,38750,274.041666666667,17.7,0,10.5
2018-05-11,9.05416666666667,77.2916666666667,13.0416666666667,24375,401.291666666667,17.1041666666667,2.1,2.8
2018-05-12,8.46,77.65,6.4,35500,185.1,17.19,3.8,9.1
2018-05-13,11.65,64.3,7.75,54000,171.55,18.06,0,10.2
2018-05-14,12.3208333333333,78.6666666666667,4.75,44583.3333333333,326.208333333333,17.8958333333333,0,0.4
2018-05-15,13.025,84.7083333333333,8.54166666666667,28708.3333333333,381.625,18.3416666666667,0.6,3.4
2018-05-16,8.425,74.0833333333333,10.2083333333333,48333.3333333333,152.833333333333,18.0458333333333,0,14.6
2018-05-17,8.84166666666667,68.375,7.70833333333333,47916.6666666667,336.333333333333,18.125,0,12.1
2018-05-18,10.9333333333333,61.3333333333333,6,41666.6666666667,258.416666666667,18.7916666666667,0,9
2018-05-19,13.45,59.4166666666667,7.66666666666667,45416.6666666667,235.458333333333,20.0666666666667,0,11.1
2018-05-20,14.4875,64.0833333333333,7.5,30541.6666666667,481.958333333333,19.1625,0.5,0.1
2018-05-21,11.8333333333333,82.0833333333333,7.20833333333333,26250,337.166666666667,18.0125,1.4,0.1
2018-05-22,9.65833333333333,84.0833333333333,7.75,28041.6666666667,468.958333333333,17.2833333333333,0,7.8
2018-05-23,10.8375,83.2083333333333,7.70833333333333,21458.3333333333,279.875,18.6666666666667,0,14.6
2018-05-24,10.8125,85.1666666666667,5.66666666666667,15666.6666666667,136.708333333333,19.3083333333333,0.2,1.3
2018-05-25,15.9458333333333,66.4166666666667,13.125,31250,240.958333333333,20.7625,0.1,11.7
2018-05-26,14.6583333333333,73.625,13,21583.3333333333,142.625,21.675,0,5.2
2018-05-27,13.675,84.6666666666667,9.95833333333333,15291.6666666667,212.583333333333,21.4166666666667,3.2,4.1
2018-05-28,14.4791666666667,84.3333333333333,5.875,12345.8333333333,190.75,22.1291666666667,0.1,15.1
2018-05-29,14.6916666666667,83.4166666666667,9.04166666666667,17166.6666666667,286.916666666667,22.9583333333333,0,14.9
2018-05-30,13.5666666666667,84.25,6.79166666666667,24333.3333333333,413.333333333333,23.5291666666667,0,6.9
2018-05-31,15.6333333333333,84.0416666666667,7.25,17416.6666666667,260,24.1833333333333,0.1,9.4
2018-06-01,14.9791666666667,92.7916666666667,4.04166666666667,8391.66666666667,173.541666666667,24.7375,1,0.8
2018-06-02,16.4375,84.6666666666667,5.20833333333333,15750,163.208333333333,23.55,0,5.3
2018-06-03,14.1166666666667,76.2916666666667,6.16666666666667,41875,289.625,23.2041666666667,0,11.6
2018-06-04,14.525,84.5,6.5,18345.8333333333,182.708333333333,23.4666666666667,0,11
2018-06-05,13.2208333333333,86.6666666666667,6.95833333333333,15708.3333333333,271.083333333333,23.1916666666667,0,4.6
2018-06-06,13.3333333333333,75.25,5.66666666666667,27833.3333333333,253.833333333333,22.8333333333333,0,15.6
2018-06-07,15.2125,74.8333333333333,6.20833333333333,32916.6666666667,388.166666666667,23.9416666666667,0,9.9
2018-06-08,15.5583333333333,78.4583333333333,5.83333333333333,24958.3333333333,175.833333333333,23.5916666666667,0,13
2018-06-09,15.8791666666667,73.8333333333333,6.20833333333333,18000,224.25,23.8125,0,15.5
2018-06-10,15.1958333333333,80.375,6.45833333333333,16625,257.333333333333,23.2375,0,10.7
2018-06-11,14.6866666666667,72.5333333333333,7.2,29666.6666666667,404.733333333333,20.14,0,0.5
2018-06-12,14.2833333333333,75.5,6.5,43333.3333333333,596.5,18.8166666666667,0,0.4
2018-06-13,14.1818181818182,77.2727272727273,10.0909090909091,36818.1818181818,234.454545454545,18.7272727272727,0.3,0.7
2018-06-14,15.0666666666667,63.4166666666667,22.9166666666667,34583.3333333333,246.5,17.7583333333333,0,4
2018-06-15,13.9083333333333,65.25,11.8333333333333,36666.6666666667,385.416666666667,18.1,0,2
2018-06-16,12.6375,78.5,12.875,30375,159.125,17.9,2.4,0.5
2018-06-17,14.3833333333333,81.5,12.75,21458.3333333333,420.333333333333,17.7583333333333,0.4,0.5
2018-06-18,14.13125,78.75,14.25,29062.5,167.375,17.19375,0.1,1
2018-06-19,14.2809523809524,79.0952380952381,10.5238095238095,26857.1428571429,317.238095238095,17.147619047619,0,2.9
2018-06-20,14.3625,71.2916666666667,13.875,38791.6666666667,239.416666666667,17.6166666666667,0.2,2.3
2018-06-21,12.1625,62.1666666666667,10.875,56666.6666666667,268.291666666667,17.525,0,12.9
2018-06-22,12.0541666666667,69.7916666666667,7.25,41666.6666666667,276.416666666667,18.275,0,15.6
2018-06-23,13.4875,71.9583333333333,7.29166666666667,40000,166.75,20.1791666666667,0,14.4
2018-06-24,15.9791666666667,69.2083333333333,6.54166666666667,34625,344.666666666667,21.5208333333333,0,15.6
2018-06-25,18.8166666666667,54.0416666666667,7.25,43333.3333333333,364.666666666667,23.3208333333333,0,12.5
2018-06-26,16.9708333333333,68.6666666666667,5.83333333333333,29583.3333333333,138.916666666667,24.25,0,11.3
2018-06-27,18.6708333333333,60.375,6.54166666666667,35625,194.833333333333,25.3041666666667,0,13.8
2018-06-28,19.0541666666667,60.25,6.45833333333333,38333.3333333333,152.5,25.575,0,15.9
2018-06-29,17.9875,57.4583333333333,7.16666666666667,31458.3333333333,263.25,25.7041666666667,0,15.8
2018-06-30,16.3708333333333,71.5416666666667,8,30416.6666666667,195.125,25.2375,0,15.5
2018-07-01,16.5291666666667,72.3333333333333,7.95833333333333,29791.6666666667,176.875,24.6666666666667,0,14
2018-07-02,16.4708333333333,71.0416666666667,9.625,40833.3333333333,167.791666666667,21.0916666666667,0,15.8
2018-07-03,16.4375,68.8333333333333,9,39791.6666666667,288.375,23.0583333333333,0,15.8
2018-07-04,17.9,67.1666666666667,6.45833333333333,43750,243.458333333333,23.8666666666667,0,14.6
2018-07-05,16.5333333333333,77,7.875,26000,168.333333333333,23.3583333333333,0,7.2
2018-07-06,17.0666666666667,79.4166666666667,5.25,20416.6666666667,160.25,22.8375,0,3.7
2018-07-07,18.3708333333333,70.7916666666667,6.58333333333333,51875,311.666666666667,23.0666666666667,0,11.4
2018-07-08,18.5208333333333,74.625,5.375,37916.6666666667,255.208333333333,23.5083333333333,0,4.6
2018-07-09,15.85,82.0833333333333,5.54166666666667,31666.6666666667,302.625,23.675,0,7
2018-07-10,14.5,76.5416666666667,6.66666666666667,31666.6666666667,335.791666666667,21.1708333333333,0,15.3
2018-07-11,15.1625,84.7916666666667,5.375,18125,316.708333333333,22.0458333333333,0,1.3
2018-07-12,15.7666666666667,78.8333333333333,6.20833333333333,21041.6666666667,305.833333333333,20.6708333333333,0,0
2018-07-13,15.8,75.5,4.625,25833.3333333333,158.583333333333,19.9041666666667,0,3.5
2018-07-14,18.5541666666667,68.9583333333333,6.08333333333333,27291.6666666667,164.583333333333,21.2583333333333,0,12.1
2018-07-15,17.5173913043478,85.1304347826087,5.78260869565217,19043.4782608696,362.826086956522,21.8869565217391,3.9,0
2018-07-16,15.9125,70.9583333333333,5.75,42291.6666666667,329.208333333333,21.0875,0,1.4
2018-07-17,16.0708333333333,66.6666666666667,6.125,45833.3333333333,160.75,20.2416666666667,0,2.1
2018-07-18,16.0428571428571,71.6190476190476,5.95238095238095,44761.9047619048,172.285714285714,20.1142857142857,0,2.2
2018-07-19,14.9708333333333,67.7916666666667,6,40625,167.875,20.95,0,9.3
2018-07-20,15.5875,88.1666666666667,7.125,17250,159.041666666667,21.0166666666667,11,0.1
2018-07-21,16.1625,77.0833333333333,7.29166666666667,28958.3333333333,158.375,19.975,0,0.1
2018-07-22,20.0833333333333,78.5833333333333,7.875,29875,283.041666666667,21.2916666666667,0,2.1
2018-07-23,20.2541666666667,79.3333333333333,6.625,24666.6666666667,226.625,22.4958333333333,0.8,3.2
2018-07-24,16.1625,73.1666666666667,6.33333333333333,42083.3333333333,250.25,21.85,0.1,2.8
2018-07-25,17.3041666666667,63.7083333333333,7.04166666666667,45000,393.458333333333,21.7291666666667,0,13.3
2018-07-26,18.6708333333333,71.2916666666667,8.375,49375,258.583333333333,22.2041666666667,0,11.7
2018-07-27,17.6458333333333,83.5416666666667,8,27166.6666666667,220.041666666667,22.7375,1.9,0.7
2018-07-28,12.975,81.6666666666667,9,25583.3333333333,376.375,21.0541666666667,14.4,2.3
2018-07-29,13.8666666666667,81.7083333333333,7.45833333333333,31458.3333333333,219.083333333333,19.1958333333333,5.6,0.8
2018-07-30,14.8375,73.1666666666667,6.625,47500,168.375,19.5458333333333,2.3,3.3
2018-07-31,15.0791666666667,73.2916666666667,9.79166666666667,42083.3333333333,345.291666666667,19.3541666666667,0,0.7
2018-08-01,16.1083333333333,82.25,8.25,27791.6666666667,339.875,19.1041666666667,5.7,0.8
2018-08-02,20.1666666666667,80.2916666666667,6.5,40000,219.416666666667,19.2041666666667,0.3,2.4
2018-08-03,19.6041666666667,79.7916666666667,6.70833333333333,35854.1666666667,73,19.9625,0.7,6.2
2018-08-04,17.0625,80.375,5.16666666666667,41416.6666666667,62.4166666666667,19.9875,0,6.2
2018-08-05,18.2166666666667,73.5,4.91666666666667,39583.3333333333,75.5833333333333,19.9166666666667,0,3.8
2018-08-06,17.5,80.8333333333333,6.75,33875,79.2083333333333,20.2208333333333,0.6,0.7
2018-08-07,15.0583333333333,70.9166666666667,7.54166666666667,40000,72.75,19.4875,0,4
2018-08-08,14.6708333333333,64.1666666666667,9.54166666666667,47500,74.9583333333333,18.8416666666667,0.1,6.6
2018-08-09,13.4125,63.4166666666667,7.45833333333333,47916.6666666667,76.375,17.675,0,7.9
2018-08-10,12.625,70.7083333333333,8.125,45833.3333333333,76.2916666666667,17.1208333333333,0,7.6
2018-08-11,13.2666666666667,89.8333333333333,6.54166666666667,29408.3333333333,71.5416666666667,16.6083333333333,0.1,3
2018-08-12,17.3208333333333,88.4583333333333,4.33333333333333,20541.6666666667,63.4166666666667,17.6666666666667,2.1,0.2
2018-08-13,16.3666666666667,82.0833333333333,8.75,28575,55.875,18.1,0.2,2.9
2018-08-14,17.6375,81.0416666666667,9.66666666666667,34708.3333333333,73.25,18.1875,0,3.6
2018-08-15,18.0458333333333,80.2083333333333,10.2916666666667,25958.3333333333,75.5416666666667,18.5833333333333,1.2,4.1
2018-08-16,13.9041666666667,77.8333333333333,9.54166666666667,27208.3333333333,78.625,17.6166666666667,1.6,7.6
2018-08-17,14.0666666666667,86.2916666666667,10.25,22375,70.0833333333333,16.5125,2.2,0
2018-08-18,19.4166666666667,74.5416666666667,9.29166666666667,29583.3333333333,79.5416666666667,17.1333333333333,0.9,2.8
2018-08-19,17.9375,87.125,9.83333333333333,22208.3333333333,65.2083333333333,18.3958333333333,0.6,0.8
2018-08-20,17.5333333333333,92.7083333333333,4.29166666666667,15791.6666666667,84.5416666666667,18.4875,2.5,0.4
2018-08-21,18.6916666666667,77.875,6.04166666666667,40000,79.8333333333333,18.9708333333333,0,4.5
2018-08-22,16.1666666666667,79.7916666666667,9.75,46458.3333333333,92.125,18.9875,1.2,1.9
2018-08-23,12.3083333333333,80.0416666666667,10.875,34791.6666666667,67.7083333333333,17.3875,4.2,5.3
2018-08-24,10.875,79.875,11.5,33208.3333333333,82,16.1583333333333,6.9,6.3
2018-08-25,12.0541666666667,74.4583333333333,8.83333333333333,45000,545,16.8458333333333,0,7.2
2018-08-26,13.8,84.5833333333333,10.125,26187.5,518.083333333333,17.3333333333333,15.6,0.1
2018-08-27,14.3416666666667,80.1666666666667,11.75,28958.3333333333,208.791666666667,17.3875,0.1,4.7
2018-08-28,13.1791666666667,78.5833333333333,6.16666666666667,29166.6666666667,421.75,17.7333333333333,0,0.9
2018-08-29,12.2166666666667,77.5833333333333,10.25,30125,493.5,18.5708333333333,1.2,8.3
2018-08-30,12.0708333333333,80.9583333333333,5,40000,315.75,17.9416666666667,0,3.8
2018-08-31,14.3416666666667,76.25,7.91666666666667,37916.6666666667,515.125,17.8125,0,6.9
2018-09-01,16.7833333333333,86.4166666666667,4.33333333333333,27791.6666666667,392.25,19.2541666666667,0.1,4.5
2018-09-02,17.4708333333333,84.125,6.125,30541.6666666667,225.75,20.1625,1.9,4.7
2018-09-03,12.5291666666667,72.7916666666667,10.7083333333333,38833.3333333333,199.5,19.5875,0.2,9
2018-09-04,11.4291666666667,73.9583333333333,7.625,47083.3333333333,151.375,18.3583333333333,0,8.7
2018-09-05,13.375,79.125,7.45833333333333,35083.3333333333,196.708333333333,18.3458333333333,4,4.4
2018-09-06,11.7791666666667,84.375,7.79166666666667,21083.3333333333,279.708333333333,18.2583333333333,4.1,3.9
2018-09-07,11.125,80.75,8.54166666666667,48750,486.25,18.2333333333333,0,4.8
2018-09-08,15.0041666666667,85.1666666666667,7.04166666666667,27791.6666666667,591.833333333333,18.3458333333333,6.2,0.1
2018-09-09,14.5791666666667,72.7083333333333,11.2916666666667,38208.3333333333,300.291666666667,18.2208333333333,0,6.9
2018-09-10,13.9125,79.5833333333333,9.79166666666667,23291.6666666667,219.541666666667,17.6208333333333,0.5,0.1
2018-09-11,13.0666666666667,80.5833333333333,9.04166666666667,22125,565.5,17.3375,2,2
2018-09-12,12.2208333333333,75.1666666666667,8.79166666666667,44583.3333333333,324.166666666667,17.7166666666667,0.2,9.6
2018-09-13,12.4666666666667,76.8333333333333,8.95833333333333,33541.6666666667,459.75,17.4083333333333,0,3.3
2018-09-14,12.6375,81.8125,9.3125,31687.5,163.5625,17.05625,1.3,2.4
2018-09-15,14.2181818181818,78.4545454545455,8.63636363636364,33454.5454545455,236.727272727273,16.8818181818182,0.7,0.1
2018-09-16,14.5833333333333,81.4166666666667,10.4166666666667,30583.3333333333,228.25,17.5166666666667,1.3,2.2
2018-09-17,15.8681818181818,78.7272727272727,9.54545454545454,31000,211.727272727273,17.3318181818182,0,0.2
2018-09-18,16.4291666666667,77.25,12.7083333333333,31208.3333333333,165.833333333333,17.6125,1.6,6.3
2018-09-19,14.47,71.2,15.8,30000,166.3,17.26,0.8,0.9
2018-09-20,6.54,94.6,14.8,14400,258.8,14.78,7.3,0
2018-09-21,9.34166666666667,79.125,14,32416.6666666667,221.458333333333,15.0541666666667,1.1,4.8
2018-09-22,8.65,84.0833333333333,4.66666666666667,28750,468.25,15.5708333333333,0,0
2018-09-23,7.725,77.5833333333333,10.8333333333333,43958.3333333333,315.25,16.3083333333333,0,9.4
2018-09-24,8.00416666666667,74.7083333333333,7.29166666666667,46666.6666666667,275.583333333333,16.0458333333333,0,7.9
2018-09-25,10.8708333333333,71.8333333333333,9.125,44375,305,16.0083333333333,0,1.8
2018-09-26,16.5458333333333,82.7916666666667,8.79166666666667,29375,278.375,16.8666666666667,0,4.3
2018-09-27,12.5045454545455,82.4090909090909,9,30636.3636363636,242.681818181818,17.7863636363636,0.4,3.9
2018-09-28,6.28421052631579,83.5263157894737,5.73684210526316,41052.6315789474,278.473684210526,17.2684210526316,0,6.3
2018-09-29,9.47692307692308,73.6153846153846,7.61538461538461,35000,187.461538461538,16.5692307692308,0,5
2018-09-30,9.59411764705882,75.1764705882353,12.7058823529412,27823.5294117647,485.823529411765,16.3235294117647,0,1.6
2018-10-01,9.30526315789474,78.6315789473684,11.0526315789474,31473.6842105263,362.894736842105,16.6526315789474,0,3.3
2018-10-02,13.6823529411765,91.4117647058823,14.4705882352941,17705.8823529412,158.764705882353,17.0352941176471,0.3,0.6
2018-10-03,13.3416666666667,88.125,7.25,22916.6666666667,186.958333333333,16.9666666666667,0.4,0.4
2018-10-04,13.65,87.9583333333333,6.625,21875,413.75,17.8083333333333,3.8,0.6
2018-10-05,8.875,82.125,7.66666666666667,21708.3333333333,354.416666666667,17.7291666666667,7.7,0.8
2018-10-06,6.91666666666667,75.625,8.875,40000,194.666666666667,17.425,0,7.4
2018-10-07,9.81666666666667,73.375,9.79166666666667,42291.6666666667,288.291666666667,16.3,0,0.6
2018-10-08,13.9291666666667,75.4166666666667,12.7083333333333,38958.3333333333,312.958333333333,16.7541666666667,0,0.3
2018-10-09,14.725,71.2083333333333,14.5833333333333,38125,276.333333333333,17.4958333333333,0,9.3
2018-10-10,15.2375,80.9583333333333,10.2083333333333,23583.3333333333,221.708333333333,18.8291666666667,0.2,9.6
2018-10-11,13.1666666666667,81.2083333333333,9.83333333333333,27000,166.416666666667,18.9916666666667,0.9,2.4
2018-10-12,13.6375,77.5833333333333,14.7083333333333,24208.3333333333,350.958333333333,18.0666666666667,5.6,0.3
2018-10-13,11.3391304347826,93.6086956521739,6.82608695652174,13913.0434782609,379.086956521739,17.9521739130435,18.9,0
2018-10-14,7.4625,82.5416666666667,5.20833333333333,47083.3333333333,381.5,17.975,0.1,7.5
2018-10-15,7.1375,84.125,4.95833333333333,42916.6666666667,241.875,17.7416666666667,0,8.4
2018-10-16,11,82.625,6.91666666666667,33958.3333333333,258.75,17.2208333333333,0,2.6
2018-10-17,8.90833333333333,81.4166666666667,8.20833333333333,32375,248.916666666667,17.5791666666667,0,4
2018-10-18,6.04583333333333,83.4166666666667,4.29166666666667,37333.3333333333,286.208333333333,17.1333333333333,0,9.1
2018-10-19,10.3708333333333,81.0416666666667,5,35625,538.208333333333,16.8458333333333,0,2.3
2018-10-20,13.9625,77.7083333333333,6.25,38541.6666666667,328.083333333333,17.0208333333333,0,4.6
2018-10-21,11.75,83.9166666666667,9.83333333333333,30583.3333333333,328.625,17.7375,0.7,3.5
2018-10-22,7.675,80.9583333333333,9.875,39791.6666666667,451.333333333333,17,0,8.9
2018-10-23,9.70833333333333,85.2083333333333,15.875,26458.3333333333,164.083333333333,16.675,0,2.6
2018-10-24,9.43333333333333,80.875,13.4166666666667,24375,741.291666666667,16.6541666666667,0,0.1
2018-10-25,9.57916666666667,83.75,10.9166666666667,21208.3333333333,216.583333333333,16.6125,0.1,0.1
2018-10-26,5.87083333333333,80.5833333333333,14.4583333333333,32291.6666666667,222.333333333333,16.0208333333333,0.5,7.3
2018-10-27,3.19583333333333,74.7083333333333,12.75,38500,583.583333333333,15.1583333333333,0.1,8
2018-10-28,3.52916666666667,80.9583333333333,7.91666666666667,41666.6666666667,264.333333333333,15.1708333333333,0,5.6
2018-10-29,3.42916666666667,78.7916666666667,6.08333333333333,33541.6666666667,308.041666666667,14.5291666666667,0.1,0.9
2018-10-30,4.025,71.2916666666667,3.25,34166.6666666667,190.041666666667,14.475,0.3,6.9
2018-10-31,7.01666666666667,83.9583333333333,5,27479.1666666667,539.5,14.25,2.4,0.8
2018-11-01,4.25,84.875,8.375,26645.8333333333,540.75,14.5458333333333,0,7.8
2018-11-02,6.2,77.9166666666667,7.91666666666667,36875,346.916666666667,14.7666666666667,1.2,3.7
2018-11-03,13.8125,80.375,14.75,20666.6666666667,334.541666666667,14.9208333333333,0.1,0
2018-11-04,10.3291666666667,80,6.75,27583.3333333333,436.958333333333,15.7541666666667,1.9,0.7
2018-11-05,10.6208333333333,93.2916666666667,9.25,10000,510.583333333333,15.9875,8.4,0
2018-11-06,11.1916666666667,86.5,11.2083333333333,20416.6666666667,409.958333333333,16.2291666666667,4.5,0.8
2018-11-07,7.61739130434783,90,7.8695652173913,21695.652173913,305.304347826087,16.2608695652174,18.1,1
2018-11-08,7.96666666666667,81.7916666666667,6.25,32041.6666666667,295.125,15.275,3.3,0
2018-11-09,9.05,85.4583333333333,11.4583333333333,23604.1666666667,259.333333333333,15.2958333333333,15.1,0
2018-11-10,6.80416666666667,85.7083333333333,6.08333333333333,24083.3333333333,839.333333333333,15.6833333333333,3.1,0.6
2018-11-11,7.625,82.5416666666667,7.5,25791.6666666667,327.166666666667,15.1041666666667,4.5,4.9
2018-11-12,9.39166666666667,78.1666666666667,11.3333333333333,31250,209.958333333333,15.3333333333333,0,1.9
2018-11-13,9.725,79.875,10.4166666666667,28000,329.958333333333,15.8125,0.5,2.9
2018-11-14,13.4041666666667,83.1666666666667,13.4166666666667,21500,452.666666666667,16.1625,0.9,0
2018-11-15,12.0458333333333,80.5833333333333,10.4166666666667,28291.6666666667,195.416666666667,16.6583333333333,0.3,2.1
2018-11-16,11.0875,86.3333333333333,8.54166666666667,21958.3333333333,329.083333333333,16.8958333333333,0,2.6
2018-11-17,10.4833333333333,89.4166666666667,9.54166666666667,20125,326.708333333333,16.9958333333333,0,1.2
2018-11-18,8.52083333333333,81.0833333333333,10.2916666666667,21458.3333333333,297.125,16.9,0,7.7
2018-11-19,8.15,73.7083333333333,15.875,30416.6666666667,717.916666666667,16.6,0.1,0.5
2018-11-20,6.19166666666667,83.7083333333333,15.7916666666667,18083.3333333333,328.291666666667,15.3666666666667,14.6,0.7
2018-11-21,4.90454545454545,89.5454545454545,8.68181818181818,15409.0909090909,277.409090909091,13.9454545454545,16.2,0
2018-11-22,6.20869565217391,80.3478260869565,8.73913043478261,26739.1304347826,224.565217391304,13.9521739130435,0.4,1.9
2018-11-23,6.54166666666667,83.6666666666667,8.5,19250,514.375,14.1458333333333,0,0.2
2018-11-24,7.94166666666667,81.4166666666667,9.75,19125,343.625,14.6333333333333,0.1,0.1
2018-11-25,6.19583333333333,82.7916666666667,9.04166666666667,24833.3333333333,272.875,14.2916666666667,3.3,0.4
2018-11-26,6.17916666666667,79.5416666666667,5.95833333333333,25833.3333333333,397.458333333333,14.1083333333333,0.1,1.5
2018-11-27,7.79583333333333,84.5416666666667,12.9583333333333,22291.6666666667,298,13.7833333333333,14.6,1.5
2018-11-28,11.4666666666667,81.5416666666667,15.4166666666667,17875,235.25,14.2583333333333,5.5,0.1
2018-11-29,8.10833333333333,82.8333333333333,10.0416666666667,29708.3333333333,160.541666666667,14.4333333333333,10.8,2.6
2018-11-30,6.23333333333333,80.7916666666667,10.4583333333333,27708.3333333333,377.166666666667,14.5291666666667,0.9,2.8
2018-12-01,8.27916666666667,95.3333333333333,5.83333333333333,10525,269.791666666667,14.3916666666667,6.1,0.1
2018-12-02,10.625,88.9166666666667,9.91666666666667,18979.1666666667,681.041666666667,15.3041666666667,3,1.2
2018-12-03,6.06086956521739,89,8.8695652173913,32826.0869565217,440.478260869565,15.504347826087,3.3,4.2
2018-12-04,3.275,86.2916666666667,4.58333333333333,32916.6666666667,277,14.375,0.5,0.1
2018-12-05,8.70416666666667,96.7083333333333,8.125,9137.5,242.541666666667,13.7125,14.1,0.2
2018-12-06,11.1266666666667,89.3333333333333,8.6,21733.3333333333,86.7333333333333,13.9933333333333,0.5,0
2018-12-07,7.94444444444444,80.0555555555556,14.6111111111111,25611.1111111111,465.944444444444,15.0833333333333,2.4,2.6
2018-12-08,8.17083333333333,81.875,16,18000,292.166666666667,14.5125,2.5,1.1
2018-12-09,7.2,86.25,15.4583333333333,24333.3333333333,599.041666666667,14.6625,1,5.6
2018-12-10,5.89583333333333,88.5416666666667,5.875,28333.3333333333,598.5,14.5916666666667,0.1,0.2
2018-12-11,7.4375,91.2916666666667,8,19062.5,276.041666666667,14.8125,1.8,0.1
2018-12-12,8.45416666666667,90.4583333333333,10.7083333333333,18958.3333333333,317.541666666667,14.8416666666667,3.5,0.6
2018-12-13,6.2375,73.7916666666667,18.3333333333333,21833.3333333333,251.958333333333,14.1958333333333,0.2,0
2018-12-14,5.85,82.3333333333333,16.625,15333.3333333333,335.041666666667,14.0625,2.8,0
2018-12-15,7.0875,90.5,21.25,9416.66666666667,431.125,13.8958333333333,10.5,0
2018-12-16,5.43333333333333,83.1666666666667,7.25,29583.3333333333,325.291666666667,14.1541666666667,0.2,0.1
2018-12-17,8.28333333333333,81.9583333333333,10.6666666666667,25958.3333333333,395.125,13.775,0,0.1
2018-12-18,9.14583333333333,81.7916666666667,12.2083333333333,23833.3333333333,302.125,14.475,3.9,0.5
2018-12-19,6.35833333333333,78.5,9.33333333333333,33333.3333333333,390.625,14.5791666666667,0.2,1.5
2018-12-20,6.85,88.625,10.125,22416.6666666667,416.125,14.4625,0.9,1.4
2018-12-21,6.84166666666667,90.2083333333333,7.125,16333.3333333333,331.666666666667,14.375,3.7,0.1
2018-12-22,7.48333333333333,86.0416666666667,8.375,31041.6666666667,398.291666666667,14.6708333333333,0.8,2.6
2018-12-23,6.15833333333333,97.25,6.625,10479.1666666667,380.416666666667,14.2083333333333,15.5,0
2018-12-24,7.20416666666667,91.9166666666667,7.25,27416.6666666667,686.958333333333,14.5791666666667,0,0.1
2018-12-25,7.81666666666667,94.4166666666667,3.16666666666667,9395.83333333333,199.958333333333,13.3625,0,0
2018-12-26,9.49166666666667,85.875,4.25,25083.3333333333,203.125,13.9041666666667,0,1.5
2018-12-27,9.01666666666667,87.7916666666667,3.45833333333333,27291.6666666667,404.833333333333,14.9416666666667,0,0
2018-12-28,10.2916666666667,88.4166666666667,6.54166666666667,16500,433.958333333333,15.6041666666667,0.1,0.4
2018-12-29,10.9958333333333,90.0416666666667,9.875,19750,267.666666666667,16.1791666666667,0.1,2.4
2018-12-30,10.4708333333333,85.625,7.58333333333333,29375,548.416666666667,16.425,0,1.1
2018-12-31,9.45833333333333,78.125,7.45833333333333,32500,246.541666666667,15.6458333333333,0.1,0
2019-01-01,7.26666666666667,87.9166666666667,7.75,19000,408.625,15.5791666666667,0.2,0.1
2019-01-02,5.42083333333333,78.375,4.20833333333333,26125,454.041666666667,14.55,0,0
2019-01-03,6.28333333333333,80.7916666666667,3.95833333333333,26666.6666666667,202.333333333333,13.9333333333333,0,0
2019-01-04,5.52916666666667,72.0416666666667,4.79166666666667,30416.6666666667,530.041666666667,14.1125,0,0
2019-01-05,6.30909090909091,76.2727272727273,5.09090909090909,32954.5454545455,374,13.8954545454545,0,1.1
2019-01-06,8.95652173913044,80.9130434782609,5.30434782608696,31304.347826087,281.086956521739,14.6869565217391,0,0.2
2019-01-07,9.10416666666667,88.125,12.5,18416.6666666667,222.25,13.5833333333333,0.2,0
2019-01-08,5.24166666666667,86.7916666666667,9.79166666666667,25833.3333333333,200.708333333333,11.9958333333333,0,4.9
2019-01-09,5.09166666666667,90.0416666666667,5.91666666666667,30000,186.625,11.2791666666667,0,3.5
2019-01-10,7.76666666666667,93.0833333333333,6.29166666666667,15750,110.791666666667,11.3541666666667,2.1,0
2019-01-11,8,88.6666666666667,8.33333333333333,27791.6666666667,125.166666666667,11.7916666666667,0,0.4
2019-01-12,8.775,88.3333333333333,16.7083333333333,23333.3333333333,160.291666666667,11.4416666666667,0.2,0.1
2019-01-13,8.62083333333333,82.7916666666667,19.0833333333333,20541.6666666667,161.25,11.2333333333333,0.4,1
2019-01-14,6.92916666666667,80.75,10,21708.3333333333,170.125,11.3166666666667,0,0.6
2019-01-15,8.14166666666667,86.0416666666667,9.125,31750,288.708333333333,12.8875,0,0.3
2019-01-16,5.27916666666667,86.5,9.875,32708.3333333333,359.791666666667,13.725,0.3,4.2
2019-01-17,1.65833333333333,80.9583333333333,8.45833333333333,31041.6666666667,462.416666666667,13.1541666666667,0,3.8
2019-01-18,5.85833333333333,81,8.45833333333333,23083.3333333333,375.125,12.35,1.7,0.5
2019-01-19,5.62608695652174,93.0434782608696,4.26086956521739,16086.9565217391,424.869565217391,12.7565217391304,1.9,0.9
2019-01-20,4.2125,90.6666666666667,8.08333333333333,15125,432.791666666667,13.6375,0.1,0.7
2019-01-21,2.525,84.875,9.41666666666667,30000,292.125,12.6333333333333,2.3,0
2019-01-22,1.52857142857143,88.9047619047619,11.1904761904762,33095.2380952381,577.238095238095,12.4666666666667,0,2.4
2019-01-23,1.975,93.375,9.375,22750,200.6875,11.31875,0,0
2019-01-24,8.13571428571429,94.6428571428571,10.7857142857143,12357.1428571429,225.571428571429,12.1214285714286,0.8,0.4
2019-01-25,9.4625,88.2083333333333,13.1666666666667,24666.6666666667,382.666666666667,13.2833333333333,0,0.3
2019-01-26,7.7,88.4166666666667,11.2083333333333,17625,525.916666666667,14.2541666666667,7.6,0.6
2019-01-27,2.6875,75.2916666666667,17.9166666666667,33750,565.041666666667,13.8708333333333,0.1,5.5
2019-01-28,2.2125,87.0833333333333,9.125,27666.6666666667,242.833333333333,12.4333333333333,0,4.8
2019-01-29,2.175,86.125,11.4583333333333,24208.3333333333,281.583333333333,12.3041666666667,3,3.7
2019-01-30,0.125,87.625,8.875,25708.3333333333,352.708333333333,11.7291666666667,0,6.6
2019-01-31,0.666666666666667,85.0416666666667,11.125,20166.6666666667,292,11.3833333333333,4,0
2019-02-01,1.55,74.6666666666667,11.9166666666667,40208.3333333333,505.75,11.8458333333333,0,5.6
2019-02-02,0.5375,81.875,9,41250,294.541666666667,11.0416666666667,0,7.7
2019-02-03,4.77916666666667,82.2916666666667,9.25,27000,348.791666666667,11.4125,0.9,0.1
2019-02-04,6.25833333333333,80.7083333333333,10.375,33000,392.375,12.8291666666667,0,6.9
2019-02-05,6.85238095238095,85.4761904761905,9.38095238095238,21809.5238095238,732.714285714286,12.9666666666667,1.6,0
2019-02-06,6.86666666666667,77.875,8.66666666666667,31791.6666666667,300.416666666667,13.7166666666667,1.5,4.4
2019-02-07,5.22083333333333,84.5,12.1666666666667,25125,160.125,13.675,7.9,4.7
2019-02-08,8.225,76.625,17.4583333333333,22458.3333333333,264,14.0041666666667,11.2,5.1
2019-02-09,5.85,78.1666666666667,14.375,28125,742.208333333333,13.8833333333333,1.4,7.2
2019-02-10,4.11666666666667,84.375,13.5833333333333,30791.6666666667,518.125,13.8125,2.6,6.4
2019-02-11,5.5375,85.9583333333333,7.33333333333333,32025,237.583333333333,14.4583333333333,0,4
2019-02-12,10.1791666666667,81.6666666666667,9.95833333333333,36458.3333333333,251.833333333333,14.425,0,0
2019-02-13,9.82083333333333,76.7083333333333,12.2083333333333,29583.3333333333,297.208333333333,15.0958333333333,0,0.5
2019-02-14,8.21666666666667,77.75,5.83333333333333,28125,219.708333333333,15.175,0,7.1
2019-02-15,9.44583333333333,76.1666666666667,12.25,25416.6666666667,361,15.3875,0,6.1
2019-02-16,10.0416666666667,73.625,11.8333333333333,32250,362.75,15.8791666666667,0,1.6
2019-02-17,9.97083333333333,73.4583333333333,14.75,33666.6666666667,263.625,16.2291666666667,0.1,5.9
2019-02-18,7.35,77.0833333333333,11.8333333333333,34166.6666666667,269.416666666667,15.275,0,4.9
2019-02-19,6.71052631578947,83.2105263157895,9.94736842105263,27368.4210526316,250.315789473684,14.9315789473684,1.1,0.1
2019-02-20,11.24,82.6,13.8,24250,215.2,15.3,0,0.8
2019-02-21,11.7041666666667,77.5,11,23416.6666666667,290.125,16.3625,0,8
2019-02-22,12.0666666666667,65.8333333333333,11.25,28333.3333333333,368.166666666667,16.3791666666667,0,0.1
2019-02-23,10.0208333333333,76.1666666666667,9.95833333333333,24250,531.75,16.1083333333333,0.2,1.1
2019-02-24,6.82083333333333,93.4583333333333,7.29166666666667,4920.83333333333,559.541666666667,16.0791666666667,0,0.1
2019-02-25,8.65833333333333,77,6.33333333333333,12208.3333333333,328.291666666667,16.525,0,6.6
2019-02-26,6.325,78.1666666666667,4.70833333333333,14583.3333333333,545.166666666667,16.3666666666667,0,10
2019-02-27,5.30434782608696,91.7826086956522,4.60869565217391,4739.13043478261,199.260869565217,16.0391304347826,0,7.1
2019-02-28,7.95416666666667,92.8333333333333,6.20833333333333,5825,309.458333333333,15.1791666666667,0.2,0.3
2019-03-01,9.6125,82.875,5.79166666666667,23229.1666666667,258.708333333333,15.6791666666667,5.9,5.8
2019-03-02,8.43333333333333,80.5833333333333,11.9583333333333,18666.6666666667,512.083333333333,15.3958333333333,2.6,1.4
2019-03-03,3.92083333333333,82.9166666666667,10.375,14370.8333333333,516.333333333333,14.5125,22,0
2019-03-04,3.0375,86.8333333333333,10.0833333333333,24500,413.958333333333,13.8,0.6,4.8
2019-03-05,6.85416666666667,75.4583333333333,12.7916666666667,27791.6666666667,222.083333333333,13.5458333333333,10,5.5
2019-03-06,7.55833333333333,84.9166666666667,12.5416666666667,23416.6666666667,328.041666666667,13.9541666666667,4.7,0.8
2019-03-07,5.54583333333333,79.75,17.4583333333333,27291.6666666667,395.666666666667,13.5375,1.9,2
2019-03-08,6.01666666666667,81.2083333333333,10.1666666666667,23583.3333333333,765.833333333333,14.3583333333333,1.5,0.3
2019-03-09,6.4375,74.7916666666667,13.3333333333333,28291.6666666667,328.666666666667,14.3291666666667,3.4,4.7
2019-03-10,3.51666666666667,80.1666666666667,13.375,23333.3333333333,483.875,13.7833333333333,6.2,7.6
2019-03-11,5.42083333333333,78.6666666666667,13.5,21666.6666666667,235.75,13.0875,0.4,4.5
2019-03-12,6.26666666666667,78.2857142857143,16.4761904761905,23571.4285714286,418.571428571429,13.2904761904762,4.3,4.7
2019-03-13,7.0625,77.0416666666667,23.4166666666667,21708.3333333333,424.666666666667,13.7,0.7,6.3
2019-03-14,8.84583333333333,81.75,18.2916666666667,15875,324.166666666667,14.0333333333333,8.2,4.2
2019-03-15,8.67916666666667,78.875,17.6666666666667,16250,249.083333333333,14.6833333333333,5.1,5.2
2019-03-16,7.78333333333333,88.375,15.75,20833.3333333333,614.875,14.95,12.3,1.1
2019-03-17,4.7,80,15.25,31666.6666666667,572.708333333333,14.85,0.2,6.6
2019-03-18,7.40833333333333,87.75,11.5416666666667,27125,331.708333333333,14.8375,0.4,1.2
2019-03-19,9.53333333333333,87.125,8.20833333333333,23208.3333333333,350.833333333333,15.3125,0.8,2.6
2019-03-20,11.9625,84.875,7.29166666666667,25958.3333333333,185.333333333333,15.7625,0.4,3.5
2019-03-21,11.2333333333333,80,6.79166666666667,34375,354.75,16.2416666666667,0,0.5
2019-03-22,9.47083333333333,75.375,11.4583333333333,31791.6666666667,210.833333333333,16.0041666666667,0.6,0.1
2019-03-23,5.825,71.7083333333333,5.375,30000,470.25,15.5041666666667,0,5.5
2019-03-24,6.75416666666667,72,12.875,30833.3333333333,267.125,15.3958333333333,0,7.1
2019-03-25,7.81666666666667,77.25,7.79166666666667,28125,224.5,15.4666666666667,0,4.8
2019-03-26,7.425,76.4583333333333,6.91666666666667,30833.3333333333,396.208333333333,15.7875,0,8.1
2019-03-27,7.49166666666667,78.0416666666667,5.91666666666667,32291.6666666667,382.125,15.9083333333333,0,6.1
2019-03-28,9.42083333333333,67.3333333333333,5.29166666666667,34375,186.708333333333,16.5083333333333,0,11.4
2019-03-29,7.525,82.875,5.25,20083.3333333333,354.166666666667,16.7583333333333,0,9.8
2019-03-30,7.55416666666667,83.2916666666667,7.54166666666667,21458.3333333333,588.208333333333,16.7083333333333,0.2,3.4
2019-03-31,5.07916666666667,84.3333333333333,8.375,20708.3333333333,283.833333333333,15.3916666666667,0,2.8
2019-04-01,8.58333333333333,77.875,7.08333333333333,19333.3333333333,350.083333333333,15.1958333333333,2.7,1.5
2019-04-02,3.69583333333333,82.9166666666667,12.5,34583.3333333333,197.041666666667,13.9875,0.5,7.8
2019-04-03,3.93333333333333,83.5416666666667,15.125,21416.6666666667,294.541666666667,12.95,6.9,4.4
2019-04-04,4.63333333333333,81,13.3333333333333,18666.6666666667,255.041666666667,13.275,13.6,3.3
2019-04-05,4.385,90.7,6.35,21200,324,13.195,2.1,0
2019-04-06,7.30416666666667,82.4166666666667,9.54166666666667,9550,597.25,14.8541666666667,0.7,6.1
2019-04-07,6.29166666666667,87.7916666666667,9.16666666666667,10104.1666666667,212.041666666667,14.7,0,7
2019-04-08,8.17916666666667,94.8333333333333,7.5,3408.33333333333,432.583333333333,16.2416666666667,2.8,0
2019-04-09,8.0625,82.25,11.625,15333.3333333333,356.375,16.6291666666667,0.2,5
2019-04-10,6.0125,74.25,9.25,24583.3333333333,294.083333333333,16.6916666666667,0,12
2019-04-11,5.69166666666667,81.1666666666667,3.25,24250,327.375,16.175,0,3
2019-04-12,6.54166666666667,82.9166666666667,7,15750,169.25,14.975,0,2.7
2019-04-13,7.7,65.75,14.3333333333333,19333.3333333333,169.791666666667,13.0041666666667,0,5.1
2019-04-14,6.56666666666667,61,15.0833333333333,26666.6666666667,179.75,11.6125,0,0.1
2019-04-15,6.77916666666667,78,16.75,13250,157.916666666667,11,14.6,0
2019-04-16,7.70416666666667,92.7916666666667,8,5375,176,11.4666666666667,3.8,0.3
2019-04-17,7.75416666666667,87.5,6.45833333333333,10920.8333333333,130,12.2041666666667,0,2.3
2019-04-18,9.60416666666667,86.9166666666667,5.5,4200,171.875,13.0208333333333,0,10
2019-04-19,11.7541666666667,75.5,4.875,9437.5,149.666666666667,15.6916666666667,0,6.1
2019-04-20,13.9,66.375,4.20833333333333,11208.3333333333,152.958333333333,17.7333333333333,0,10.5
2019-04-21,15.7125,54.2083333333333,6.58333333333333,22208.3333333333,176.291666666667,18.6958333333333,0,12.2
2019-04-22,12.5333333333333,68.875,7.75,22354.1666666667,177.375,18.3875,0,11.3
2019-04-23,12.1958333333333,78.5416666666667,5.58333333333333,11583.3333333333,400.416666666667,18.9458333333333,0,5
2019-04-24,10.4791666666667,87.0416666666667,6.125,10145.8333333333,262.041666666667,16.7666666666667,7.8,0.2
2019-04-25,8.99166666666667,89.75,6.79166666666667,18645.8333333333,221.75,16.1291666666667,2.7,0.1
2019-04-26,9.09166666666667,78.9583333333333,11.7083333333333,24083.3333333333,502.833333333333,15.9875,4.2,0.2
2019-04-27,7.55833333333333,69.625,24.25,28083.3333333333,206.166666666667,14.0041666666667,8.6,6.9
2019-04-28,8.29583333333333,84.5833333333333,5.5,25000,423.625,14.5958333333333,0,0
2019-04-29,9.82083333333333,94.25,8.79166666666667,8220.83333333333,255.25,14.9,1.2,0
2019-04-30,10.4291666666667,90.1666666666667,7.625,17708.3333333333,753.541666666667,14.8708333333333,2.2,0.1
2019-05-01,10.2458333333333,75.375,8.16666666666667,40416.6666666667,269.166666666667,16.2541666666667,0.2,7
2019-05-02,10.1458333333333,80.7916666666667,9.625,35833.3333333333,185.833333333333,16.5291666666667,1.4,1.9
2019-05-03,7.70416666666667,75.3333333333333,9.25,35833.3333333333,342.5,14.9125,0,2.8
2019-05-04,5.5375,68.7083333333333,9.08333333333333,47916.6666666667,243.833333333333,13.8333333333333,0,10.1
2019-05-05,5.61666666666667,70.2916666666667,6.25,50625,511.5,13.7458333333333,0,4.6
2019-05-06,7.525,69.625,4.83333333333333,47916.6666666667,340.166666666667,13.45,0,3
2019-05-07,8.275,78.7083333333333,5.83333333333333,29583.3333333333,620.166666666667,15.175,0.2,3.9
2019-05-08,7.8875,88.9583333333333,14.9166666666667,14062.5,230.833333333333,13.9791666666667,4.5,0
2019-05-09,7.25416666666667,91.5,7.16666666666667,13291.6666666667,186.916666666667,15.0541666666667,14,0.9
2019-05-10,7.0125,81.9583333333333,5.04166666666667,30000,373.458333333333,15.4416666666667,0.1,5.8
2019-05-11,8.11666666666667,72.2916666666667,7.70833333333333,46000,232.041666666667,16.0875,0,8.4
2019-05-12,9.65,71.0833333333333,7.25,56458.3333333333,215.833333333333,17.1416666666667,0,7.3
2019-05-13,12.7083333333333,58.8333333333333,7.125,63750,188.583333333333,17.8708333333333,0,14.2
2019-05-14,11.65,62.5,6.875,54583.3333333333,447.833333333333,18.9458333333333,0,12.8
2019-05-15,12.0708333333333,63.0833333333333,6.70833333333333,35833.3333333333,324.708333333333,18.75,0,8.9
2019-05-16,10.7375,76.4583333333333,6.20833333333333,27291.6666666667,359.833333333333,18.1791666666667,0,3
2019-05-17,10.1208333333333,81.75,8,31916.6666666667,429.75,16.1416666666667,0.4,1.4
2019-05-18,10.6583333333333,83.4583333333333,7.41666666666667,32125,353.291666666667,15.6791666666667,0,2.1
2019-05-19,10.3,84.5,7.54166666666667,22291.6666666667,330.875,15.9708333333333,0.2,0.1
2019-05-20,10.0166666666667,80.6666666666667,6.33333333333333,35833.3333333333,362.041666666667,15.6458333333333,0.5,8.4
2019-05-21,10.1375,82.2916666666667,5.20833333333333,36666.6666666667,283.875,16.1916666666667,0,9.8
2019-05-22,11.3083333333333,80.7916666666667,4.70833333333333,35479.1666666667,266.291666666667,17.5125,0,1.2
2019-05-23,12.9958333333333,80.3333333333333,4.25,33750,343,17.9916666666667,0.1,0.4
2019-05-24,13.9625,82.4166666666667,6.83333333333333,41791.6666666667,240.833333333333,18.5083333333333,0.3,1.4
2019-05-25,14.4166666666667,83.7916666666667,7,33541.6666666667,401.041666666667,18.6833333333333,0,0.1
2019-05-26,14.2958333333333,74.4166666666667,15.2916666666667,38125,329.625,19.1833333333333,0.4,6
2019-05-27,10.6708333333333,82.8333333333333,11.7083333333333,30625,348.125,18.8416666666667,8.3,4.2
2019-05-28,10.4916666666667,73.3333333333333,8.25,55208.3333333333,322.833333333333,18.2291666666667,0,4.8
2019-05-29,13.0458333333333,86.3333333333333,7.95833333333333,20791.6666666667,446.208333333333,17.95,1.9,0.1
2019-05-30,16.5458333333333,80,10.0833333333333,25208.3333333333,158.625,18.2458333333333,0.4,0.5
2019-05-31,15.0708333333333,81.3333333333333,10.625,33583.3333333333,583.625,18.425,0.5,3.9
2019-06-01,13.2791666666667,85.4166666666667,4.5,23250,419.416666666667,18.8083333333333,1.7,0.8
2019-06-02,14.7583333333333,73.7083333333333,11.8333333333333,34791.6666666667,382.041666666667,19.575,0.5,5.9
2019-06-03,11.3041666666667,75.6666666666667,9.875,25375,475.833333333333,19.25,1.7,7.4
2019-06-04,10.3916666666667,94.375,6.125,16250,240.791666666667,18.2333333333333,21.8,0
2019-06-05,9.8375,89.1666666666667,11.2916666666667,25750,260.958333333333,17.2625,4,0.5
2019-06-06,10.2208333333333,75,7.33333333333333,43083.3333333333,304.458333333333,17.05,0,5
2019-06-07,9.81666666666667,80.9583333333333,5.875,37083.3333333333,174.666666666667,17.1791666666667,0,4.7
2019-06-08,11.4916666666667,75.5416666666667,12.5416666666667,43541.6666666667,252.708333333333,17.4541666666667,0.1,4.7
2019-06-09,10.9458333333333,75.3333333333333,7.41666666666667,51458.3333333333,330.916666666667,18.4458333333333,2.7,7.6
2019-06-10,11.5,78.875,7,45625,350.958333333333,18.5666666666667,0,9
2019-06-11,11.45,75.5833333333333,11.5,45208.3333333333,460.125,18.1083333333333,0,8.7
2019-06-12,10.2333333333333,88.9583333333333,11.4166666666667,16875,698.083333333333,18.4,4.9,0
2019-06-13,10.0875,84.9166666666667,9.33333333333333,24041.6666666667,202.416666666667,17.2625,1.5,0.1
2019-06-14,10.1333333333333,84.5833333333333,5.75,27500,212.333333333333,16.6375,6.2,1.3
2019-06-15,11.3791666666667,79.1666666666667,6.375,30416.6666666667,394.416666666667,16.8708333333333,11.2,3.9
2019-06-16,12.1208333333333,77.625,6.08333333333333,34791.6666666667,264.625,17.1208333333333,2.2,1.9
2019-06-17,14.3285714285714,68.4285714285714,9.14285714285714,43928.5714285714,430.142857142857,17.6785714285714,0,6.1
2019-06-18,13.6285714285714,74.3571428571429,5.5,47142.8571428571,416.714285714286,18.75,0,4.5
2019-06-19,13.0285714285714,75.7142857142857,7.64285714285714,44642.8571428571,312.285714285714,19.5642857142857,0.1,1.5
2019-06-20,11.5666666666667,76.5555555555556,8.55555555555556,34444.4444444444,163.444444444444,19.8333333333333,1.3,6
2019-06-21,11.7125,75.1666666666667,6.875,48333.3333333333,389.75,19.5416666666667,0,7.4
2019-06-22,12.0291666666667,72.2916666666667,6.25,46875,365.291666666667,20.4083333333333,0,12
2019-06-23,13.7,84.125,7.70833333333333,26958.3333333333,314.916666666667,20.5791666666667,19.1,0.1
2019-06-24,14.555,92.25,6.8,9725,222.35,19.775,2.5,1.5
2019-06-25,14.64375,88.3125,7.625,20687.5,94.4375,18.725,0,2.6
2019-06-26,14.0086956521739,85.1304347826087,10.9565217391304,33478.2608695652,112,18.5739130434783,0,7.5
2019-06-27,15.4291666666667,75.5416666666667,12.5416666666667,46250,184.208333333333,19.1,0,15.5
2019-06-28,17.5434782608696,70.6521739130435,7.78260869565217,38260.8695652174,74,18.9695652173913,0,9
2019-06-29,17.0166666666667,78.7083333333333,5.08333333333333,31083.3333333333,88.3333333333333,20.0833333333333,0.3,4.5
2019-06-30,15.675,74.75,11.4166666666667,50583.3333333333,87.7916666666667,19.525,0.4,7
2019-07-01,14.0291666666667,74.6666666666667,11.4583333333333,45291.6666666667,84.2083333333333,18.4166666666667,0.4,3.4
2019-07-02,13.3125,75.6666666666667,6.41666666666667,44583.3333333333,74.5416666666667,17.6541666666667,0,2
2019-07-03,12.425,74.7083333333333,5.95833333333333,54583.3333333333,74.625,16.2125,0,15.5
2019-07-04,14.9125,74.8333333333333,6.08333333333333,40000,80.7916666666667,18.2166666666667,0,9.7
2019-07-05,15.6208333333333,78.6666666666667,8.5,45416.6666666667,80.375,18.4875,0,5.6
2019-07-06,13.9916666666667,88.875,6.875,19083.3333333333,79.4583333333333,18.0208333333333,0.8,1
2019-07-07,14.0416666666667,69.7083333333333,5.95833333333333,33333.3333333333,60.4166666666667,17.7708333333333,0,13
2019-07-08,12.9,88,3.44444444444444,23777.7777777778,71,18.3444444444444,0.1,0
2019-07-17,16.34,84.7,10.2,24800,667.2,20.95,1.2,0.4
2019-07-18,15.7157894736842,72.6315789473684,8.68421052631579,41578.9473684211,446.263157894737,20.6368421052632,0,6.1
2019-07-19,16.4210526315789,83.3684210526316,6.52631578947368,21157.8947368421,268.315789473684,20.5,2.4,2.7
2019-07-20,15.4875,81,8.6875,31281.25,372.25,20.5,2.1,0.1
2019-07-21,16.6052631578947,84.2105263157895,9.47368421052632,30421.0526315789,247.894736842105,20.1210526315789,6.5,1
2019-07-22,20.1888888888889,76.1111111111111,12.7222222222222,35277.7777777778,244.166666666667,20.5888888888889,0,5.8
2019-07-23,18.9954545454545,78.3636363636364,8.45454545454546,36590.9090909091,260.409090909091,22.4909090909091,0,11.5
2019-07-24,18.6947368421053,76.1578947368421,7.47368421052632,35000,397,23.4894736842105,0,2.7
2019-07-25,18.8666666666667,81.2380952380952,10.7619047619048,22333.3333333333,406.571428571429,22.6190476190476,0,1.4
2019-07-26,18.5409090909091,72.9545454545455,8.77272727272727,34000,245,22.4863636363636,0.1,4.4
2019-07-27,15.175,75,8.20833333333333,40416.6666666667,303.916666666667,22.175,0,8.9
2019-07-28,14.975,76.5833333333333,9.79166666666667,36666.6666666667,217.375,21.3625,0,8.6
2019-07-29,15.5958333333333,78.7916666666667,5.54166666666667,42833.3333333333,245.666666666667,20.8958333333333,1.3,5.8
2019-07-30,15.2666666666667,89.6666666666667,8.625,18541.6666666667,168.5,21.0166666666667,16.1,0.3
2019-07-31,15.4625,82.25,10.3333333333333,44791.6666666667,263.833333333333,21.0333333333333,0,1.7
2019-08-01,15.6041666666667,78.5833333333333,5.625,38333.3333333333,172.541666666667,21.4,0,11.8
2019-08-02,15.8541666666667,84.375,6.08333333333333,26875,187.25,22.0583333333333,0,13
2019-08-03,16.5,87.125,6.83333333333333,18416.6666666667,465.25,22.025,0.2,0.4
2019-08-04,17.225,83.2916666666667,6.79166666666667,26895.8333333333,395.541666666667,22.2291666666667,6.6,4.6
2019-08-05,16.125,75.125,8.75,32500,478.583333333333,21.4583333333333,0.1,8.2
2019-08-06,15.5166666666667,82.5,9.125,28833.3333333333,364.375,21.0041666666667,5.4,2.3
2019-08-07,15.9958333333333,79.625,9.54166666666667,36916.6666666667,256.041666666667,20.4625,0.3,5.8
2019-08-08,15.075,84.3333333333333,8.29166666666667,31466.6666666667,254.75,20.7416666666667,0.6,6.6
2019-08-09,16.8541666666667,89.875,12.1666666666667,12333.3333333333,155.541666666667,20.675,25,2.9
2019-08-10,16.475,89.0416666666667,10.7916666666667,16250,178.25,19.8333333333333,12.1,0.4
2019-08-11,13.6125,80.125,11.4166666666667,22125,223.291666666667,18.7041666666667,4.6,2.7
2019-08-12,11.825,82.4583333333333,6.625,34166.6666666667,162.666666666667,19.0458333333333,4.8,8
2019-08-13,12.9625,82.75,5.58333333333333,35166.6666666667,440.541666666667,19.025,4.1,6.3
2019-08-14,16.3125,87.0416666666667,8.58333333333333,20750,179.708333333333,19.4916666666667,3.1,1.7
2019-08-15,16.0458333333333,74.5,12.3333333333333,32666.6666666667,294.291666666667,19.9041666666667,0.1,7
2019-08-16,16.8791666666667,80.875,10.2916666666667,29375,261.666666666667,20.2458333333333,12.9,3.5
2019-08-17,14.7916666666667,73.2083333333333,10,34666.6666666667,512.166666666667,20.85,0.7,9.4
2019-08-18,13.6875,79.9583333333333,11.0833333333333,30375,365.75,20.3416666666667,0.7,5.3
2019-08-19,13.2916666666667,78.0833333333333,10.5833333333333,34625,194.666666666667,19.3291666666667,2.2,8.3
2019-08-20,13.0208333333333,84.9583333333333,7.125,31875,304.583333333333,18.8291666666667,1.9,4.1
2019-08-21,13.9875,85.2083333333333,9.33333333333333,29791.6666666667,205.208333333333,18.4208333333333,3.8,2.3
2019-08-22,17.0375,84.375,8.29166666666667,24500,254.958333333333,18.1625,0.3,2.1
2019-08-23,17.2333333333333,77.2083333333333,6.625,37500,321.041666666667,19.0375,0,9.5
2019-08-24,15.7875,81.375,6.54166666666667,29833.3333333333,351.958333333333,20.0416666666667,0,7.9
2019-08-25,15.625,90.5416666666667,4.66666666666667,14333.3333333333,502,21.5166666666667,0,3.8
2019-08-26,15.2208333333333,83.0833333333333,5.625,36250,246.958333333333,21.8541666666667,0,11
2019-08-27,16.325,76.5833333333333,6.16666666666667,38958.3333333333,252.833333333333,21.5583333333333,0,6.7
2019-08-28,14.8125,74.4583333333333,8.91666666666667,38333.3333333333,338.375,21.0875,0.3,5.3
2019-08-29,15.675,74.4166666666667,10.0833333333333,29791.6666666667,243.291666666667,19.7083333333333,0.3,2.5
2019-08-30,17.2208333333333,73.9166666666667,13.4166666666667,23833.3333333333,496.541666666667,19.5208333333333,0.1,1.1
2019-08-31,14.3666666666667,74.2083333333333,14.7916666666667,43833.3333333333,396.041666666667,19.4416666666667,1.7,8.9
2019-09-01,12.4958333333333,74.8333333333333,11.4583333333333,44166.6666666667,321.291666666667,18.5416666666667,0.2,5.2
2019-09-02,13.3958333333333,85.0416666666667,9.20833333333333,27333.3333333333,163.625,17.6583333333333,2.3,2.8
2019-09-03,16.075,84.0833333333333,9.33333333333333,31666.6666666667,473.458333333333,17.8333333333333,1.6,1.8
2019-09-04,11.8875,79.7083333333333,15.7083333333333,23625,226.791666666667,17.5583333333333,1.7,5.8
2019-09-05,12.3041666666667,74.625,12.3333333333333,27500,258.833333333333,17.225,0,7.1
2019-09-06,13.4833333333333,77.0416666666667,13.75,24708.3333333333,591.458333333333,17.6041666666667,1.6,3.2
2019-09-07,12.2958333333333,82.2916666666667,7.91666666666667,40000,255.041666666667,17.7041666666667,0,4.2
2019-09-08,14,79.2916666666667,4.95833333333333,36916.6666666667,430.666666666667,17.8708333333333,0.1,2.3
2019-09-09,12.75,82.375,9.75,24958.3333333333,226.416666666667,18.5583333333333,3.9,4.5
2019-09-10,11.25,81.8636363636364,9,31818.1818181818,490,18.0409090909091,0,4
2019-09-11,15.6809523809524,76.0476190476191,12.1428571428571,31380.9523809524,180.952380952381,18.1142857142857,0.2,5.3
2019-09-12,15.3176470588235,80.9411764705882,9.82352941176471,34705.8823529412,343.352941176471,18.5470588235294,0.6,1.7
2019-09-13,11.7,77.0588235294118,5.88235294117647,44411.7647058823,312.529411764706,19.0352941176471,0,6.7
2019-09-14,13.8869565217391,66.5217391304348,6.78260869565217,50000,340.434782608696,19.4608695652174,0,10.7
2019-09-15,12.9625,95.125,7.91666666666667,8833.33333333333,379.708333333333,19.0833333333333,7.8,0
2019-09-16,11.5208333333333,92.5833333333333,6.45833333333333,14145.8333333333,238.5,18.6625,2.8,0.7
2019-09-17,9.96666666666667,80.7083333333333,5.58333333333333,41666.6666666667,268.333333333333,18.6416666666667,0,11.7
2019-09-18,11.2791666666667,82.7916666666667,3.79166666666667,39583.3333333333,332.791666666667,19.1875,0,11.8
2019-09-19,12.8045454545455,84.2727272727273,4.27272727272727,30772.7272727273,314.590909090909,19.5045454545455,0,11.8
2019-09-20,14.03125,83.75,7.6875,28887.5,274.6875,20.35625,0.1,7.2
2019-09-21,16.1222222222222,70.4444444444444,11.6666666666667,35000,275,20.4111111111111,0,3.4
2019-09-22,15.1,93.8888888888889,8,18000,580.5,20.9111111111111,18.5,1.4
2019-09-23,13.325,92.375,8.08333333333333,18666.6666666667,224.166666666667,20.0166666666667,6.1,1.5
2019-09-24,15.2416666666667,86.4583333333333,5,32041.6666666667,336.083333333333,20.1083333333333,4.9,3.8
2019-09-25,15.05,88.8333333333333,6.75,25041.6666666667,219.125,19.8791666666667,1.8,2
2019-09-26,13.2291666666667,81.875,9.5,35458.3333333333,334.291666666667,19.2583333333333,3.8,1.8
2019-09-27,12.5958333333333,84.1666666666667,11.1666666666667,32208.3333333333,319.541666666667,19.0083333333333,3,4.4
2019-09-28,13.7416666666667,86.25,9.79166666666667,25250,284.625,18.5,8,1.3
2019-09-29,12.3875,88.0833333333333,12.3333333333333,27104.1666666667,238.5,16.75,10.3,3.2
2019-09-30,10.5791666666667,96.7916666666667,8.70833333333333,15408.3333333333,264.791666666667,17.1541666666667,23.7,0.6
2019-10-01,9.38695652173913,91.5217391304348,14.5217391304348,15782.6086956522,338.391304347826,17.3086956521739,5.4,0.5
2019-10-02,7.48333333333333,81.4583333333333,6.20833333333333,45833.3333333333,370.791666666667,16.6416666666667,0,6.3
2019-10-03,11.2375,83.625,10.8333333333333,22833.3333333333,367.5,17.1208333333333,1.8,0.1
2019-10-04,12.2208333333333,91.7916666666667,9.66666666666667,20562.5,230.125,17.5458333333333,7.7,2.3
2019-10-05,12.775,95.0416666666667,7.08333333333333,17687.5,191.625,17.5333333333333,12.1,0
2019-10-06,11.675,83.2916666666667,11.4583333333333,34375,158.291666666667,17.575,0,8.4
2019-10-07,13.1333333333333,81.3333333333333,10.4166666666667,20333.3333333333,193.166666666667,17.7208333333333,7.8,2.8
2019-10-08,11.4375,76.3333333333333,11.625,30416.6666666667,235.583333333333,17.625,0.2,7
2019-10-09,9.8125,82,10.4583333333333,30750,233.375,16.7375,0.6,7.4
2019-10-10,11.8625,83.8333333333333,11.375,24625,149.458333333333,16.175,2.8,1
2019-10-11,11.55,81.25,9.45833333333333,32083.3333333333,203.041666666667,16.3583333333333,0.3,2.4
2019-10-12,10.2208333333333,81.375,5.41666666666667,38125,318.083333333333,16.225,0,7.9
2019-10-13,9.3,90,4.36842105263158,29947.3684210526,191,16.3052631578947,8.6,2.4
